review_id,rating,text,review_url,user_id,Store_name,SOURCE,DATE_SCRAPED
ZYNIAYg7cbRFTwY-wzt6Fg,5,"Check in was super easy (first time here) received a 20% discount. 
Coming from sf the taxes here were soo low I went cray! Buying joints lol! 
Customer...",https://www.yelp.com/biz/la-cannabis-co-inglewood-los-angeles?adjust_creative=oAYGHKSZvK_Az-ZQ4UyTGQ&hrid=ZYNIAYg7cbRFTwY-wzt6Fg&utm_campaign=yelp_api_v3&utm_medium=api_v3_business_reviews&utm_source=oAYGHKSZvK_Az-ZQ4UyTGQ,aqtKm6ivCGgF_9gvJeyOWg,LA Cannabis Co - Inglewood,yelp,11-17-2019
o9yJkBoKXIcYosyqRrDUdg,1,"Purchased my item and was told there would be a $3.00 transaction fee for using a debit card. Okay no problem I agreed to it. 
I looked at my bank statement...",https://www.yelp.com/biz/la-cannabis-co-inglewood-los-angeles?adjust_creative=oAYGHKSZvK_Az-ZQ4UyTGQ&hrid=o9yJkBoKXIcYosyqRrDUdg&utm_campaign=yelp_api_v3&utm_medium=api_v3_business_reviews&utm_source=oAYGHKSZvK_Az-ZQ4UyTGQ,y_nYg-I50W6YBBLTw46Kjw,LA Cannabis Co - Inglewood,yelp,11-17-2019
4q0Un25RmdeuxmGULOUX2g,5,Simple easy process. . . Clean vibe ... friendly and knowledgeable bud-tenders great first experience.  Variety of choices and great presentation.,https://www.yelp.com/biz/la-cannabis-co-inglewood-los-angeles?adjust_creative=oAYGHKSZvK_Az-ZQ4UyTGQ&hrid=4q0Un25RmdeuxmGULOUX2g&utm_campaign=yelp_api_v3&utm_medium=api_v3_business_reviews&utm_source=oAYGHKSZvK_Az-ZQ4UyTGQ,9Io_XVcpe2ZBH_3-wBm2pA,LA Cannabis Co - Inglewood,yelp,11-17-2019
C2DqNhrS5m2_mNJ8s_W9Ng,5,"I was a kid in a Candy store with so many things to select from....

Wow!!!!

And thanks to Kevin I knew what to select for my liking!!!!!!

Thanks Kevin!!!!",https://www.yelp.com/biz/medmen-los-angeles-lax-airport-los-angeles-4?adjust_creative=oAYGHKSZvK_Az-ZQ4UyTGQ&hrid=C2DqNhrS5m2_mNJ8s_W9Ng&utm_campaign=yelp_api_v3&utm_medium=api_v3_business_reviews&utm_source=oAYGHKSZvK_Az-ZQ4UyTGQ,dpxOIepH7ij4bxNx9cSozg,MedMen Los Angeles - LAX Airport,yelp,11-17-2019
IauCu4ev_6uD8ftrbGUJeA,4,"Awesome dispensary! Honestly kind of looks like an Apple store inside by the way things are set up. Huge variety of product, especially when it comes to...",https://www.yelp.com/biz/medmen-los-angeles-lax-airport-los-angeles-4?adjust_creative=oAYGHKSZvK_Az-ZQ4UyTGQ&hrid=IauCu4ev_6uD8ftrbGUJeA&utm_campaign=yelp_api_v3&utm_medium=api_v3_business_reviews&utm_source=oAYGHKSZvK_Az-ZQ4UyTGQ,iWlkGTCJSHE0JRZpx-r7Yg,MedMen Los Angeles - LAX Airport,yelp,11-17-2019
RNmW9dQSShumkWTxagVv8A,4,"While I don't engage in this activity, I have friends that do and wanted to visit while we were in the area....so I found myself here on a Friday afternoon....",https://www.yelp.com/biz/medmen-los-angeles-lax-airport-los-angeles-4?adjust_creative=oAYGHKSZvK_Az-ZQ4UyTGQ&hrid=RNmW9dQSShumkWTxagVv8A&utm_campaign=yelp_api_v3&utm_medium=api_v3_business_reviews&utm_source=oAYGHKSZvK_Az-ZQ4UyTGQ,o1JVYrF_LnDpQwsmPpMSBg,MedMen Los Angeles - LAX Airport,yelp,11-17-2019
0Mf-KHpzZqO-BzTlrFJqrw,5,First time here. Only spot open on Sunday night past 8 o'clock. Very kind and informative gentleman. Helped me locate a nice Northern Lights vape pen. One...,https://www.yelp.com/biz/la-cannabis-co-los-angeles-los-angeles-5?adjust_creative=oAYGHKSZvK_Az-ZQ4UyTGQ&hrid=0Mf-KHpzZqO-BzTlrFJqrw&utm_campaign=yelp_api_v3&utm_medium=api_v3_business_reviews&utm_source=oAYGHKSZvK_Az-ZQ4UyTGQ,k82BX-qYn4R-jaoo3qMzXg,LA Cannabis Co - Los Angeles,yelp,11-17-2019
a65wI3UzX1JBXj2olS8GMg,1,I read up on them and thought how progressive of them. They set up sanitized storefronts in the inner cities to usher in quality products for affordable...,https://www.yelp.com/biz/la-cannabis-co-los-angeles-los-angeles-5?adjust_creative=oAYGHKSZvK_Az-ZQ4UyTGQ&hrid=a65wI3UzX1JBXj2olS8GMg&utm_campaign=yelp_api_v3&utm_medium=api_v3_business_reviews&utm_source=oAYGHKSZvK_Az-ZQ4UyTGQ,s1tPRLShVPLXLVgu-6GkpA,LA Cannabis Co - Los Angeles,yelp,11-17-2019
PeseA3ukC05U2P3V6HBsxg,5,This by far was the best dispensary I ever visited in LA.  I came here around 11am.  Signing up as a first time patient was a smooth and easy process.  They...,https://www.yelp.com/biz/la-cannabis-co-los-angeles-los-angeles-5?adjust_creative=oAYGHKSZvK_Az-ZQ4UyTGQ&hrid=PeseA3ukC05U2P3V6HBsxg&utm_campaign=yelp_api_v3&utm_medium=api_v3_business_reviews&utm_source=oAYGHKSZvK_Az-ZQ4UyTGQ,bJCj348Ejwa6-bVToRzXHA,LA Cannabis Co - Los Angeles,yelp,11-17-2019
93hk-5RJgq4_1gm3tUUmgw,5,"Friendly staff, great customer service and a great selection of whatever you're into. 
They got a large selection of cannabis, wax, etc. 
Check them out!",https://www.yelp.com/biz/vip-collective-la-los-angeles-2?adjust_creative=oAYGHKSZvK_Az-ZQ4UyTGQ&hrid=93hk-5RJgq4_1gm3tUUmgw&utm_campaign=yelp_api_v3&utm_medium=api_v3_business_reviews&utm_source=oAYGHKSZvK_Az-ZQ4UyTGQ,1xqwVCfdpmjNjm4tDsEslg,VIP Collective LA,yelp,11-17-2019
oB1-4lvmDlKCDskmGK9hfg,5,"VIP goes the extra mile in every aspect. Well stocked with an array of excellent strains, hybrids, premium, top shelf, you name it they got it. Always great...",https://www.yelp.com/biz/vip-collective-la-los-angeles-2?adjust_creative=oAYGHKSZvK_Az-ZQ4UyTGQ&hrid=oB1-4lvmDlKCDskmGK9hfg&utm_campaign=yelp_api_v3&utm_medium=api_v3_business_reviews&utm_source=oAYGHKSZvK_Az-ZQ4UyTGQ,ZoIlX4qG0_FPyeONQppx3g,VIP Collective LA,yelp,11-17-2019
RFvEGS2ozM6S4nM2gGyOMg,5,"IF!!! You must be in Los Angeles, this is the best dispensary I've bern to.

I live the fact that it's like a real store.  You walk in (after showing ID at...",https://www.yelp.com/biz/medmen-los-angeles-dtla-los-angeles?adjust_creative=oAYGHKSZvK_Az-ZQ4UyTGQ&hrid=RFvEGS2ozM6S4nM2gGyOMg&utm_campaign=yelp_api_v3&utm_medium=api_v3_business_reviews&utm_source=oAYGHKSZvK_Az-ZQ4UyTGQ,fyexSLiczFaWPxlzQlO2CQ,MedMen Los Angeles - DTLA,yelp,11-17-2019
Dv8phK_ntGdzwz61XzL5OA,5,This place is awesome! They put a lot into making it easy to find the details of each product and showcasing a wide variety of products for all purposes....,https://www.yelp.com/biz/medmen-los-angeles-dtla-los-angeles?adjust_creative=oAYGHKSZvK_Az-ZQ4UyTGQ&hrid=Dv8phK_ntGdzwz61XzL5OA&utm_campaign=yelp_api_v3&utm_medium=api_v3_business_reviews&utm_source=oAYGHKSZvK_Az-ZQ4UyTGQ,39YGRq-Odc_6v0oTJ34jAw,MedMen Los Angeles - DTLA,yelp,11-17-2019
ms0l4o_uJxo9U-AQh4CMeQ,2,The cannabis business is booming and MedMen is a somewhat reputable brand in a largely unregulated and unsubstantiated field. I'm a health care professional...,https://www.yelp.com/biz/medmen-los-angeles-dtla-los-angeles?adjust_creative=oAYGHKSZvK_Az-ZQ4UyTGQ&hrid=ms0l4o_uJxo9U-AQh4CMeQ&utm_campaign=yelp_api_v3&utm_medium=api_v3_business_reviews&utm_source=oAYGHKSZvK_Az-ZQ4UyTGQ,O_A4OC0ElYPNhjC9KF8Mzg,MedMen Los Angeles - DTLA,yelp,11-17-2019
3BwAvtRB2zzIeuALkfoXpQ,5,"In the age that we're living in where your choices are between a high end dispensary like MedMen that come with over the top prices, and still illegal non...",https://www.yelp.com/biz/new-age-care-center-los-angeles?adjust_creative=oAYGHKSZvK_Az-ZQ4UyTGQ&hrid=3BwAvtRB2zzIeuALkfoXpQ&utm_campaign=yelp_api_v3&utm_medium=api_v3_business_reviews&utm_source=oAYGHKSZvK_Az-ZQ4UyTGQ,kf7M7Y3msuur6tPBSJGwbg,New Age Care Center,yelp,11-17-2019
7qh2je3UPalrN4jBm8sSsQ,5,First off their weed is amazing. My favorite brand that they have there is Source Cannabis (Larry Og). All the girls are very helpful and patient they'll...,https://www.yelp.com/biz/new-age-care-center-los-angeles?adjust_creative=oAYGHKSZvK_Az-ZQ4UyTGQ&hrid=7qh2je3UPalrN4jBm8sSsQ&utm_campaign=yelp_api_v3&utm_medium=api_v3_business_reviews&utm_source=oAYGHKSZvK_Az-ZQ4UyTGQ,Fc4vfuBfgZvHna8Wt7i9ww,New Age Care Center,yelp,11-17-2019
sqOni7pyiqO5lm3nEYD8Qg,5,Very nice selection & cool vibe. Close to USC campus & the new LAFC soccer stadium . I got me some of the Source Cannabis .. Bomb !!!! Probably my favorite...,https://www.yelp.com/biz/new-age-care-center-los-angeles?adjust_creative=oAYGHKSZvK_Az-ZQ4UyTGQ&hrid=sqOni7pyiqO5lm3nEYD8Qg&utm_campaign=yelp_api_v3&utm_medium=api_v3_business_reviews&utm_source=oAYGHKSZvK_Az-ZQ4UyTGQ,OWRpdXHMHatrGVZN8opM2w,New Age Care Center,yelp,11-17-2019
bKfahgCp5KGX-JsHAEMaIg,4,Nice first time deals. Exotic strands of weed to choose from. Highly recommended to people visiting and staying the airport,https://www.yelp.com/biz/king-kush-collective-los-angeles-3?adjust_creative=oAYGHKSZvK_Az-ZQ4UyTGQ&hrid=bKfahgCp5KGX-JsHAEMaIg&utm_campaign=yelp_api_v3&utm_medium=api_v3_business_reviews&utm_source=oAYGHKSZvK_Az-ZQ4UyTGQ,qhkbDso4O6JM8lETyewbHw,King Kush Collective,yelp,11-17-2019
bMajMuqIqWG2U77Z4zu7iQ,5,Great customer service always stocked very informative  and fire dank!!! Look no further for quality meds!!!! Can't complain!!!!!,https://www.yelp.com/biz/king-kush-collective-los-angeles-3?adjust_creative=oAYGHKSZvK_Az-ZQ4UyTGQ&hrid=bMajMuqIqWG2U77Z4zu7iQ&utm_campaign=yelp_api_v3&utm_medium=api_v3_business_reviews&utm_source=oAYGHKSZvK_Az-ZQ4UyTGQ,5SjNvW5jDabn1vDxmBGmsw,King Kush Collective,yelp,11-17-2019
o9NhjVEVzGhvPt88J5INBg,1,Straight up rip off!!  Lame selection. Sketchy as fuck. Pretty sure they have no license so hopefully the city will shut then down. avoid.,https://www.yelp.com/biz/king-kush-collective-los-angeles-3?adjust_creative=oAYGHKSZvK_Az-ZQ4UyTGQ&hrid=o9NhjVEVzGhvPt88J5INBg&utm_campaign=yelp_api_v3&utm_medium=api_v3_business_reviews&utm_source=oAYGHKSZvK_Az-ZQ4UyTGQ,94UUF_8c1szvjqQHZeSj7w,King Kush Collective,yelp,11-17-2019
5F-zqtqpexVg6J9HLmMU8Q,4,"Great first time patient deals. A little pricey without the deals, especially their delivery service fees, but their quality is great and the budtenders are...",https://www.yelp.com/biz/stone-age-farmacy-gardena-2?adjust_creative=oAYGHKSZvK_Az-ZQ4UyTGQ&hrid=5F-zqtqpexVg6J9HLmMU8Q&utm_campaign=yelp_api_v3&utm_medium=api_v3_business_reviews&utm_source=oAYGHKSZvK_Az-ZQ4UyTGQ,KgFFREa9stpWCW8Fuu5gfQ,Stone Age Farmacy,yelp,11-17-2019
vIsC5BhqVnZFAmXYKnyuEw,1,"Was a FIRST TIME CUSTOMER AND LAST!!! 
DO NOT WASTE YOUR TIME HERE!!!!!!!!!
Bud tenders do not offer any information regarding FIRST TIME CUSTOMER...",https://www.yelp.com/biz/stone-age-farmacy-gardena-2?adjust_creative=oAYGHKSZvK_Az-ZQ4UyTGQ&hrid=vIsC5BhqVnZFAmXYKnyuEw&utm_campaign=yelp_api_v3&utm_medium=api_v3_business_reviews&utm_source=oAYGHKSZvK_Az-ZQ4UyTGQ,jg5WhjJ1O4KP5Pf-iru79w,Stone Age Farmacy,yelp,11-17-2019
QMabS17eSyARKzyTESAp3A,5,"Quick service, knowledgeable budtenders and great selection! Todd, Vivan, Jojo, Alice to name a few of the helpful budtenders.


Update! It's been awhile...",https://www.yelp.com/biz/stone-age-farmacy-gardena-2?adjust_creative=oAYGHKSZvK_Az-ZQ4UyTGQ&hrid=QMabS17eSyARKzyTESAp3A&utm_campaign=yelp_api_v3&utm_medium=api_v3_business_reviews&utm_source=oAYGHKSZvK_Az-ZQ4UyTGQ,KEUtvx9BUAl3hsGckIZG3A,Stone Age Farmacy,yelp,11-17-2019
eYzcjd1--EO9ypLXw4Dk_w,5,"I just visit the new Mecca Mid City and I loved it.  There still a little bit of construction,  but when it's done its going to be Awesome!!!

Ruth...",https://www.yelp.com/biz/mecca-mid-city-los-angeles?adjust_creative=oAYGHKSZvK_Az-ZQ4UyTGQ&hrid=eYzcjd1--EO9ypLXw4Dk_w&utm_campaign=yelp_api_v3&utm_medium=api_v3_business_reviews&utm_source=oAYGHKSZvK_Az-ZQ4UyTGQ,0nXhMM0SFoC6noNA0C0tSQ,Mecca Mid City,yelp,11-17-2019
5RFMRG6TKlILLU1P8LfKiw,1,Are these guys even legal?? I heard a few months ago they were raised and shit down. Mecca if you are legal please place your permits in the photo section....,https://www.yelp.com/biz/mecca-mid-city-los-angeles?adjust_creative=oAYGHKSZvK_Az-ZQ4UyTGQ&hrid=5RFMRG6TKlILLU1P8LfKiw&utm_campaign=yelp_api_v3&utm_medium=api_v3_business_reviews&utm_source=oAYGHKSZvK_Az-ZQ4UyTGQ,8OOrm5oOHytmBWsqLq97Qg,Mecca Mid City,yelp,11-17-2019
e-favLZXLOH6fuQsbtKyKQ,3,"Bring a scale and calibrate to the 1/8th container so you can weigh their grams, which are sealed in a 1/8th container. The BOGO's are consistently under....",https://www.yelp.com/biz/mecca-mid-city-los-angeles?adjust_creative=oAYGHKSZvK_Az-ZQ4UyTGQ&hrid=e-favLZXLOH6fuQsbtKyKQ&utm_campaign=yelp_api_v3&utm_medium=api_v3_business_reviews&utm_source=oAYGHKSZvK_Az-ZQ4UyTGQ,AvneYw7jNUYks4SXRYan-A,Mecca Mid City,yelp,11-17-2019
OyCl2_YYETiWSu1K89uhKQ,5,"Always a good time. Will be back. 


A decently priced house brand (Ervana) - makes me cough. But I enjoy the high. Unfortunately they've been out of all...",https://www.yelp.com/biz/the-high-note-culver-city-los-angeles-2?adjust_creative=oAYGHKSZvK_Az-ZQ4UyTGQ&hrid=OyCl2_YYETiWSu1K89uhKQ&utm_campaign=yelp_api_v3&utm_medium=api_v3_business_reviews&utm_source=oAYGHKSZvK_Az-ZQ4UyTGQ,SGFs8A-HXsrC1yrrnaTJRA,The High Note - Culver City,yelp,11-17-2019
qD569dhBpebyDz4w2V7Tmw,5,"Love the bookcase entrance! So cute. Be careful opening the front door because I smacked someone on my way in. Good selection of yummies ;) 

If you save...",https://www.yelp.com/biz/the-high-note-culver-city-los-angeles-2?adjust_creative=oAYGHKSZvK_Az-ZQ4UyTGQ&hrid=qD569dhBpebyDz4w2V7Tmw&utm_campaign=yelp_api_v3&utm_medium=api_v3_business_reviews&utm_source=oAYGHKSZvK_Az-ZQ4UyTGQ,4PemiFGqpR708Nm_QInxTg,The High Note - Culver City,yelp,11-17-2019
-pV672V_S72hhLiSzpNwfA,5,Well why not??  You walk in and go thru a bookcase...very creative!  Liking the variety of flower and edibles.  They always have a deal going and when you...,https://www.yelp.com/biz/the-high-note-culver-city-los-angeles-2?adjust_creative=oAYGHKSZvK_Az-ZQ4UyTGQ&hrid=-pV672V_S72hhLiSzpNwfA&utm_campaign=yelp_api_v3&utm_medium=api_v3_business_reviews&utm_source=oAYGHKSZvK_Az-ZQ4UyTGQ,RfpzT5Y7TmgRhdHbnYq8BQ,The High Note - Culver City,yelp,11-17-2019
VyHD10PrpqcMiH13b5kc6A,5,Great hidden away place for edibles flowers and oils!! Great door guy and security. Thanks for the free pre roll!,https://www.yelp.com/biz/supreme-og-los-angeles?adjust_creative=oAYGHKSZvK_Az-ZQ4UyTGQ&hrid=VyHD10PrpqcMiH13b5kc6A&utm_campaign=yelp_api_v3&utm_medium=api_v3_business_reviews&utm_source=oAYGHKSZvK_Az-ZQ4UyTGQ,Talye9I2P7FZfNOq_jDfWA,Supreme OG,yelp,11-17-2019
5VEnOWxzpf0WH8Ugq3sCig,5,"Its a very cute lil spot. Its a clean environment. Sweet and nice.
Dank weed, Thanks bella.",https://www.yelp.com/biz/supreme-og-los-angeles?adjust_creative=oAYGHKSZvK_Az-ZQ4UyTGQ&hrid=5VEnOWxzpf0WH8Ugq3sCig&utm_campaign=yelp_api_v3&utm_medium=api_v3_business_reviews&utm_source=oAYGHKSZvK_Az-ZQ4UyTGQ,En0o5hWcBKvrYgS5YwxwgA,Supreme OG,yelp,11-17-2019
S5qq0WvAcCCi4nRtvm2QBg,5,"Honestly just glad this place was open--unlike two other shops I tried today. Decent selection, Bella is super cool",https://www.yelp.com/biz/supreme-og-los-angeles?adjust_creative=oAYGHKSZvK_Az-ZQ4UyTGQ&hrid=S5qq0WvAcCCi4nRtvm2QBg&utm_campaign=yelp_api_v3&utm_medium=api_v3_business_reviews&utm_source=oAYGHKSZvK_Az-ZQ4UyTGQ,XtalibAUduexZqRra32eQg,Supreme OG,yelp,11-17-2019
oFC-1aRyEBkuNGA4XWkgzA,5,"Amazing! This was the first time i've ever had cannabis delivered so i was a little nervous. I called with a couple questions, placed my order online at 5pm...",https://www.yelp.com/biz/goddess-delivers-los-angeles?adjust_creative=oAYGHKSZvK_Az-ZQ4UyTGQ&hrid=oFC-1aRyEBkuNGA4XWkgzA&utm_campaign=yelp_api_v3&utm_medium=api_v3_business_reviews&utm_source=oAYGHKSZvK_Az-ZQ4UyTGQ,N4ow3mnOXZjfIv18L2dshQ,Goddess Delivers,yelp,11-17-2019
b30EfdCtV1ruZPcdx6aaGA,5,"i purchased kiva edibles, (which happen to be my favorite). they were having a buy 1 get 1 50% off special at the time which was great because the money...",https://www.yelp.com/biz/goddess-delivers-los-angeles?adjust_creative=oAYGHKSZvK_Az-ZQ4UyTGQ&hrid=b30EfdCtV1ruZPcdx6aaGA&utm_campaign=yelp_api_v3&utm_medium=api_v3_business_reviews&utm_source=oAYGHKSZvK_Az-ZQ4UyTGQ,o29TSqaHxQdHNB4hmSmzCw,Goddess Delivers,yelp,11-17-2019
tF7PQZIoHz0_fXMak3Odaw,5,"Some seriously awesome customer service, as well as product. I was evacuated from my home due to a wild fire this past summer, emailed the company to let...",https://www.yelp.com/biz/goddess-delivers-los-angeles?adjust_creative=oAYGHKSZvK_Az-ZQ4UyTGQ&hrid=tF7PQZIoHz0_fXMak3Odaw&utm_campaign=yelp_api_v3&utm_medium=api_v3_business_reviews&utm_source=oAYGHKSZvK_Az-ZQ4UyTGQ,SXu0ATVZrXcQOwSHBgqlVA,Goddess Delivers,yelp,11-17-2019
9hnFyhyRJpWrBT8E53Xuuw,5,"Just wanted say thanks to Garrett man, made me feel like I've known him for a while. Thanks for the suggestion boss.

Love this place, the music and...",https://www.yelp.com/biz/rose-collective-venice?adjust_creative=oAYGHKSZvK_Az-ZQ4UyTGQ&hrid=9hnFyhyRJpWrBT8E53Xuuw&utm_campaign=yelp_api_v3&utm_medium=api_v3_business_reviews&utm_source=oAYGHKSZvK_Az-ZQ4UyTGQ,wZNYcDIXYiI4imTnMliqYQ,Rose Collective,yelp,11-17-2019
GZNeQ8R9gUM_9KpVNIDp9Q,5,"Garrett at Rose Collective plays an important role on my health team, and although he is not an MD, he IS a health care professional. Like more and more of...",https://www.yelp.com/biz/rose-collective-venice?adjust_creative=oAYGHKSZvK_Az-ZQ4UyTGQ&hrid=GZNeQ8R9gUM_9KpVNIDp9Q&utm_campaign=yelp_api_v3&utm_medium=api_v3_business_reviews&utm_source=oAYGHKSZvK_Az-ZQ4UyTGQ,aKvSVee111b1Jyv8oP9PDA,Rose Collective,yelp,11-17-2019
INfmA4oNWaIO3ULOzMvXFQ,5,"I'm in town for work so naturally, I had to come to one of my favorite places. 

The kind and knowledgeable folks of rose collective made my day. I always...",https://www.yelp.com/biz/rose-collective-venice?adjust_creative=oAYGHKSZvK_Az-ZQ4UyTGQ&hrid=INfmA4oNWaIO3ULOzMvXFQ&utm_campaign=yelp_api_v3&utm_medium=api_v3_business_reviews&utm_source=oAYGHKSZvK_Az-ZQ4UyTGQ,duURYPtnlbPXbqS6k8Ks9g,Rose Collective,yelp,11-17-2019
CeYtaeqpWwwRRJx5rIRt-g,5,Best dispensary in LA!!! Super helpful and friendly staff. Bomb flower selection. Tons of carts and edibles. You gotta check this spot out!,https://www.yelp.com/biz/exclusive-caregivers-of-california-los-angeles-2?adjust_creative=oAYGHKSZvK_Az-ZQ4UyTGQ&hrid=CeYtaeqpWwwRRJx5rIRt-g&utm_campaign=yelp_api_v3&utm_medium=api_v3_business_reviews&utm_source=oAYGHKSZvK_Az-ZQ4UyTGQ,kPjQiXTA4hq-sGD8Z614TQ,Exclusive Caregivers Of California,yelp,11-17-2019
wCAPEMkRPkiPECeJ6n6XwQ,5,The best shop in la best deals great buds.go check them out they won't let u down.ginger snap is fire on my way there to grab me some.budtenders are on...,https://www.yelp.com/biz/exclusive-caregivers-of-california-los-angeles-2?adjust_creative=oAYGHKSZvK_Az-ZQ4UyTGQ&hrid=wCAPEMkRPkiPECeJ6n6XwQ&utm_campaign=yelp_api_v3&utm_medium=api_v3_business_reviews&utm_source=oAYGHKSZvK_Az-ZQ4UyTGQ,Kt5boZ6LgGPsVzbjb-lKZg,Exclusive Caregivers Of California,yelp,11-17-2019
HiSplb4iSEQRmnvGKkhYVg,5,As a first time patient and for my first experience for acquiring my medicine I find that I was quickly helped and attended I didn't want to leave! Got to...,https://www.yelp.com/biz/exclusive-caregivers-of-california-los-angeles-2?adjust_creative=oAYGHKSZvK_Az-ZQ4UyTGQ&hrid=HiSplb4iSEQRmnvGKkhYVg&utm_campaign=yelp_api_v3&utm_medium=api_v3_business_reviews&utm_source=oAYGHKSZvK_Az-ZQ4UyTGQ,z35Dw55uYMYcFyxN4y_alQ,Exclusive Caregivers Of California,yelp,11-17-2019
V8h82SBbxUE-_mEz6-bFjg,5,"Best deals, best humans, best product. 
LA COME CHECK IT OUT... 
happy hour deals rock. You  can't find a better place for all your needs!!! 

Yes!!!!",https://www.yelp.com/biz/california-caregivers-alliance-los-angeles-3?adjust_creative=oAYGHKSZvK_Az-ZQ4UyTGQ&hrid=V8h82SBbxUE-_mEz6-bFjg&utm_campaign=yelp_api_v3&utm_medium=api_v3_business_reviews&utm_source=oAYGHKSZvK_Az-ZQ4UyTGQ,JDH92Q-3Q8aSa1fEXFxKBA,California Caregivers Alliance,yelp,11-17-2019
8EqeazagTDKmbw43YofvXA,5,"Amazing service, friendly desk woman, and always easy + quick!

Me and my gf love coming here. The best edibles in all of Los Angeles!!",https://www.yelp.com/biz/california-caregivers-alliance-los-angeles-3?adjust_creative=oAYGHKSZvK_Az-ZQ4UyTGQ&hrid=8EqeazagTDKmbw43YofvXA&utm_campaign=yelp_api_v3&utm_medium=api_v3_business_reviews&utm_source=oAYGHKSZvK_Az-ZQ4UyTGQ,jwcxbB8AWUnWZQe3WDoBkg,California Caregivers Alliance,yelp,11-17-2019
Qh0An0MgvCfwA6YIaY0qKQ,5,"Amazing staff! Amazing buds! Can't recommend this place enough!!

Have been coming to this place since 2011. They employ entirely women, are extremely...",https://www.yelp.com/biz/california-caregivers-alliance-los-angeles-3?adjust_creative=oAYGHKSZvK_Az-ZQ4UyTGQ&hrid=Qh0An0MgvCfwA6YIaY0qKQ&utm_campaign=yelp_api_v3&utm_medium=api_v3_business_reviews&utm_source=oAYGHKSZvK_Az-ZQ4UyTGQ,vssRqR-QjFtnkapFugIffg,California Caregivers Alliance,yelp,11-17-2019
VUjep6se_kzAMUwSkpd17Q,5,"Cute packaging, late-night delivery, and holistically grown...can it get any better? Ladera Holistic Care is a quick, discrete, quality service. Highly...",https://www.yelp.com/biz/ladera-holistic-care-los-angeles?adjust_creative=oAYGHKSZvK_Az-ZQ4UyTGQ&hrid=VUjep6se_kzAMUwSkpd17Q&utm_campaign=yelp_api_v3&utm_medium=api_v3_business_reviews&utm_source=oAYGHKSZvK_Az-ZQ4UyTGQ,0kbziVBCFCMvv2uTVoa8MA,Ladera Holistic Care,yelp,11-17-2019
hbdS1MwM34lN9PQ_INFrQg,5,200% Great Service even at late night!! Was in California for a job and got out late (2AM) and All the dispensaries were close. But they were still open! I...,https://www.yelp.com/biz/ladera-holistic-care-los-angeles?adjust_creative=oAYGHKSZvK_Az-ZQ4UyTGQ&hrid=hbdS1MwM34lN9PQ_INFrQg&utm_campaign=yelp_api_v3&utm_medium=api_v3_business_reviews&utm_source=oAYGHKSZvK_Az-ZQ4UyTGQ,xo6zteTjWSERX7BdxZxDDA,Ladera Holistic Care,yelp,11-17-2019
gAc0leyczxePYk-4ie-_gA,1,Frankly and utterly disappointed. As a first time customer i ordered an eight of banana og and an eight of sour diesel. The delivery guy arrived on time. He...,https://www.yelp.com/biz/ladera-holistic-care-los-angeles?adjust_creative=oAYGHKSZvK_Az-ZQ4UyTGQ&hrid=gAc0leyczxePYk-4ie-_gA&utm_campaign=yelp_api_v3&utm_medium=api_v3_business_reviews&utm_source=oAYGHKSZvK_Az-ZQ4UyTGQ,3p4ynGr74BJ633N0zYybug,Ladera Holistic Care,yelp,11-17-2019
cwEaS9u2bf-Iii21q1clSw,5,"The staff is very knowledgeable and great! Brought my mother-in-law in for something to help with her glaucoma and they hooked her up. 

Very classy and...",https://www.yelp.com/biz/the-high-note-east-la-los-angeles?adjust_creative=oAYGHKSZvK_Az-ZQ4UyTGQ&hrid=cwEaS9u2bf-Iii21q1clSw&utm_campaign=yelp_api_v3&utm_medium=api_v3_business_reviews&utm_source=oAYGHKSZvK_Az-ZQ4UyTGQ,RaobxU7tkaGnj7yLl9ucVg,The High Note - East LA,yelp,11-17-2019
MQcSR3YjKunWJOVn7xwD2g,5,Great store! Happy to be a member.  They have cheap stuff and the most important thing is that it is quality. Take advantage of their valet deal and you...,https://www.yelp.com/biz/the-high-note-east-la-los-angeles?adjust_creative=oAYGHKSZvK_Az-ZQ4UyTGQ&hrid=MQcSR3YjKunWJOVn7xwD2g&utm_campaign=yelp_api_v3&utm_medium=api_v3_business_reviews&utm_source=oAYGHKSZvK_Az-ZQ4UyTGQ,GDjjtKd457mft8rVpOhYmQ,The High Note - East LA,yelp,11-17-2019
D2Dh2wT2FYh1l3_FZv_Ohw,5,"Great selection at this dispensary!

Place is inviting, has a really nice front office area with an even nicer layout once you're past the bookshelf.
The...",https://www.yelp.com/biz/the-high-note-east-la-los-angeles?adjust_creative=oAYGHKSZvK_Az-ZQ4UyTGQ&hrid=D2Dh2wT2FYh1l3_FZv_Ohw&utm_campaign=yelp_api_v3&utm_medium=api_v3_business_reviews&utm_source=oAYGHKSZvK_Az-ZQ4UyTGQ,IMeDTXl6VlzqCuRCVJQF8A,The High Note - East LA,yelp,11-17-2019
veyzO2ICxnpLTqBn6VGmvg,5,I cannot express enough how happy I was with the consultation I had with Barrette at Buds & Roses. He helped me understand the cannabis that would best fit...,https://www.yelp.com/biz/buds-and-roses-studio-city?adjust_creative=oAYGHKSZvK_Az-ZQ4UyTGQ&hrid=veyzO2ICxnpLTqBn6VGmvg&utm_campaign=yelp_api_v3&utm_medium=api_v3_business_reviews&utm_source=oAYGHKSZvK_Az-ZQ4UyTGQ,eNjn8uv2hdd5jfyZE1shuQ,Buds & Roses,yelp,11-17-2019
2Vg_8fRZyeIDRaqGF0gvnA,1,Clones have powder mildew beware almost all plants I bought within 2 weeks - 1 month start showing signs of powder mildew YOUVE BEEN WARNED,https://www.yelp.com/biz/buds-and-roses-studio-city?adjust_creative=oAYGHKSZvK_Az-ZQ4UyTGQ&hrid=2Vg_8fRZyeIDRaqGF0gvnA&utm_campaign=yelp_api_v3&utm_medium=api_v3_business_reviews&utm_source=oAYGHKSZvK_Az-ZQ4UyTGQ,Oi62HQSRSpNE3kSOOd9xoQ,Buds & Roses,yelp,11-17-2019
rh1BVhWdUPxgCOKmBfLiUw,5,"The place is swanky, the people have swagger, they don't make you wait, they give you no hassle, there is a younger vibe than most other dispensaries, but...",https://www.yelp.com/biz/buds-and-roses-studio-city?adjust_creative=oAYGHKSZvK_Az-ZQ4UyTGQ&hrid=rh1BVhWdUPxgCOKmBfLiUw&utm_campaign=yelp_api_v3&utm_medium=api_v3_business_reviews&utm_source=oAYGHKSZvK_Az-ZQ4UyTGQ,QbbZRJyK3nJynF-GCpFzeQ,Buds & Roses,yelp,11-17-2019
dSxvuyRsUI3TpJkbfUxyAQ,5,"First time!
Everyone is very welcome. 
I got helped axel was great with letting me about sativa here. She recommended so many things. I would definitely...",https://www.yelp.com/biz/herbarium-west-hollywood?adjust_creative=oAYGHKSZvK_Az-ZQ4UyTGQ&hrid=dSxvuyRsUI3TpJkbfUxyAQ&utm_campaign=yelp_api_v3&utm_medium=api_v3_business_reviews&utm_source=oAYGHKSZvK_Az-ZQ4UyTGQ,u7SBjgVJG45OIQTkC8rHMw,Herbarium,yelp,11-17-2019
p4z25Mz8Pf6NKsztwLImXQ,5,"Amazing store and amazing customer service, great looking staff!

I will definitely Come back,

special shout out to Yamani!!",https://www.yelp.com/biz/herbarium-west-hollywood?adjust_creative=oAYGHKSZvK_Az-ZQ4UyTGQ&hrid=p4z25Mz8Pf6NKsztwLImXQ&utm_campaign=yelp_api_v3&utm_medium=api_v3_business_reviews&utm_source=oAYGHKSZvK_Az-ZQ4UyTGQ,Ea2gl3VT3_Em89RNFKPKZA,Herbarium,yelp,11-17-2019
bmKkftT7ufVaUZv1Qp2vMw,5,"Great place! Great customer service!! Great buds!!!
What do you need more? 
Excellent place highly recommended",https://www.yelp.com/biz/herbarium-west-hollywood?adjust_creative=oAYGHKSZvK_Az-ZQ4UyTGQ&hrid=bmKkftT7ufVaUZv1Qp2vMw&utm_campaign=yelp_api_v3&utm_medium=api_v3_business_reviews&utm_source=oAYGHKSZvK_Az-ZQ4UyTGQ,2Wga6LymXE_H8_RZz8Jtzg,Herbarium,yelp,11-17-2019
wdduFeVnF5QeTQFF65Q6Lg,5,"The best delivery services for for top shelf bud!!!

I used this company for flower delivery a few days ago. Not only did they handle things very...",https://www.yelp.com/biz/herb-los-angeles-3?adjust_creative=oAYGHKSZvK_Az-ZQ4UyTGQ&hrid=wdduFeVnF5QeTQFF65Q6Lg&utm_campaign=yelp_api_v3&utm_medium=api_v3_business_reviews&utm_source=oAYGHKSZvK_Az-ZQ4UyTGQ,BXii-GYZvdzaaQ37UPO8WA,HERB,yelp,11-17-2019
i6vXJK0niFCOhIBZESBjuQ,5,"This company is great.

I am an intelligent man. I require that the only labor I do is paid for or I pay someone else to do it. 

I am so smart. I try not...",https://www.yelp.com/biz/herb-los-angeles-3?adjust_creative=oAYGHKSZvK_Az-ZQ4UyTGQ&hrid=i6vXJK0niFCOhIBZESBjuQ&utm_campaign=yelp_api_v3&utm_medium=api_v3_business_reviews&utm_source=oAYGHKSZvK_Az-ZQ4UyTGQ,QBFZpXcJfN6Da8gfK5bRIQ,HERB,yelp,11-17-2019
yXqpMMCJuJY19PCJmjzo6A,5,I absolutely ADORE this service!!! I've had to kiss a lot of frogs to find the one but I finally found the knight in shining armor! Herb is incredibly...,https://www.yelp.com/biz/herb-los-angeles-3?adjust_creative=oAYGHKSZvK_Az-ZQ4UyTGQ&hrid=yXqpMMCJuJY19PCJmjzo6A&utm_campaign=yelp_api_v3&utm_medium=api_v3_business_reviews&utm_source=oAYGHKSZvK_Az-ZQ4UyTGQ,oc0VY_hCdTpSKJd3y75V_g,HERB,yelp,11-17-2019
